,itr,numGenerated,trainingTime,Fusion_M,Fusion_R
0,0.0,10.0,54.5264105796814,0.602,0.3793793793793794
